<?xml version="1.0" encoding="UTF-8"?>
<project-private xmlns="http://www.netbeans.org/ns/project-private/1">
    <editor-bookmarks xmlns="http://www.netbeans.org/ns/editor-bookmarks/2" lastBookmarkId="0"/>
    <open-files xmlns="http://www.netbeans.org/ns/projectui-open-files/2">
        <group>
            <file>file:/C:/Users/User/Documents/NetBeansProjects/PersonalFinanceSystem/src/personalfinancesystem/ExpenseModule.java</file>
            <file>file:/C:/Users/User/Documents/NetBeansProjects/PersonalFinanceSystem/src/personalfinancesystem/SignUpModule.java</file>
            <file>file:/C:/Users/User/Documents/NetBeansProjects/PersonalFinanceSystem/src/personalfinancesystem/AssetModule.java</file>
            <file>file:/C:/Users/User/Documents/NetBeansProjects/PersonalFinanceSystem/src/personalfinancesystem/LoginModule.java</file>
            <file>file:/C:/Users/User/Documents/NetBeansProjects/PersonalFinanceSystem/src/personalfinancesystem/IncomeModule.java</file>
            <file>file:/C:/Users/User/Documents/NetBeansProjects/PersonalFinanceSystem/src/personalfinancesystem/ReportModule.java</file>
        </group>
    </open-files>
</project-private>
